{"arcs": {"0": [0, 1, 1.92026], "1": [1, 2, 2.0416], "2": [0, 3, 2.02614], "3": [2, 4, 1.99984], "4": [3, 5, 2.07079], "5": [3, 6, 1.99608], "6": [1, 7, 1.92893], "7": [7, 8, 2.01627], "8": [7, 9, 1.95077], "9": [2, 10, 1.99628], "10": [6, 10, 1.96732], "11": [6, 11, 1.90872], "12": [4, 11, 1.94683], "13": [5, 12, 1.93401], "14": [10, 13, 2.0134], "15": [10, 14, 2.06209], "16": [11, 15, 2.0416], "17": [5, 15, 1.94031], "18": [15, 16, 2.03467], "19": [9, 17, 1.95986], "20": [14, 18, 1.95087], "21": [14, 19, 1.96991], "22": [19, 20, 1.98548], "23": [9, 20, 2.03089], "24": [17, 21, 1.97491], "25": [8, 22, 2.03493], "26": [8, 23, 1.99572], "27": [19, 24, 1.96732], "28": [24, 25, 1.919], "29": [15, 25, 2.06959], "30": [13, 26, 1.9054], "31": [11, 27, 2.01169], "32": [17, 27, 1.93597], "33": [12, 28, 1.94126], "34": [24, 29, 1.98005], "35": [16, 29, 1.9054], "36": [21, 30, 1.98835], "37": [22, 31, 2.0674], "38": [16, 32, 1.96991], "39": [21, 33, 1.91335], "40": [20, 34, 1.99572], "41": [27, 35, 1.98462], "42": [13, 36, 2.0136], "43": [32, 37, 1.92147], "44": [36, 38, 2.07302], "45": [36, 39, 2.03493], "46": [26, 40, 2.06226], "47": [33, 41, 1.98462], "48": [4, 41, 1.96991], "49": [41, 42, 1.98576], "50": [35, 43, 1.93597], "51": [20, 43, 1.99608], "52": [34, 44, 1.9244], "53": [34, 45, 1.97836], "54": [39, 46, 1.95521], "55": [18, 46, 1.92955], "56": [26, 47, 1.98462], "57": [23, 47, 2.06928], "58": [27, 48, 1.95637], "59": [12, 48, 2.03493], "60": [38, 49, 1.92955]}, "proc_exec": {"0": [[16.2058, 16.9301, 16.2616, 17.7954, 15.7762, 16.1161, 15.6585, 17.0748, 15.4112, 15.6585, 17.8453, 17.7041, 15.6652, 15.6652, 16.1161, 16.3792, 15.5568, 17.7954, 17.8453, 15.6652, 15.8619, 16.0287, 16.0287, 15.8619, 17.9283, 15.4112, 15.6585, 15.6585, 17.8422, 17.9761, 16.9916, 15.8633, 16.6356, 15.7762, 17.8422, 16.5749, 16.2192, 16.3207, 16.5749, 17.9283, 15.8633, 17.5964, 18.0035, 16.9301, 15.4112, 15.7762, 16.085, 16.9301, 17.668, 15.5568]], "1": [[14.9397, 15.9824, 15.3026, 16.9186, 14.9054, 15.2684, 14.9305, 15.8209, 14.5643, 14.9305, 16.7028, 16.5199, 14.7562, 14.7562, 15.2684, 15.5434, 14.6417, 16.9186, 16.7028, 14.7056, 15.0313, 14.8962, 14.8962, 15.0313, 17.0515, 14.5643, 14.9305, 14.9305, 16.5598, 16.9976, 16.0447, 14.9632, 15.8107, 14.9054, 16.5598, 15.6417, 15.2277, 15.5971, 15.6417, 17.0515, 14.9632, 16.6723, 17.0071, 15.9824, 14.5643, 14.9054, 14.8626, 15.9824, 16.4444, 14.6417], [16.0641, 16.8717, 16.2345, 17.9882, 15.9605, 15.9142, 15.8531, 16.8089, 15.6285, 15.8531, 18.0427, 17.8334, 15.6634, 15.6634, 15.9142, 16.3114, 15.6738, 17.9882, 18.0427, 15.8432, 16.0691, 15.8994, 15.8994, 16.0691, 17.7979, 15.6285, 15.8531, 15.8531, 17.5612, 17.9594, 16.922, 15.7593, 16.8268, 15.9605, 17.5612, 16.5579, 16.2475, 16.6035, 16.5579, 17.7979, 15.7593, 17.7814, 18.0333, 16.8717, 15.6285, 15.9605, 15.9405, 16.8717, 17.6137, 15.6738]], "2": [[14.1189, 15.0099, 14.1838, 15.6513, 13.9387, 14.2512, 13.809, 14.8904, 13.5648, 13.809, 15.6351, 15.4984, 13.7255, 13.7255, 14.2512, 14.6672, 13.7266, 15.6513, 15.6351, 14.0006, 13.979, 14.0567, 14.0567, 13.979, 15.7437, 13.5648, 13.809, 13.809, 15.6538, 15.8048, 14.9542, 13.8317, 14.9134, 13.9387, 15.6538, 14.7621, 14.2118, 14.6092, 14.7621, 15.7437, 13.8317, 15.522, 15.7636, 15.0099, 13.5648, 13.9387, 14.0609, 15.0099, 15.3473, 13.7266], [14.9625, 15.7314, 15.2681, 16.7179, 15.1501, 15.0313, 14.7081, 15.8174, 14.7129, 14.7081, 16.6844, 16.643, 14.8852, 14.8852, 15.0313, 15.4677, 14.7518, 16.7179, 16.6844, 14.8495, 14.8117, 14.9976, 14.9976, 14.8117, 17.0597, 14.7129, 14.7081, 14.7081, 16.7455, 16.992, 16.0349, 14.9076, 15.8956, 15.1501, 16.7455, 15.8358, 15.1865, 15.6014, 15.8358, 17.0597, 14.9076, 16.5426, 16.8056, 15.7314, 14.7129, 15.1501, 14.9673, 15.7314, 16.6349, 14.7518], [16.2146, 17.0426, 16.4265, 17.9867, 16.0626, 15.9236, 15.8459, 16.8684, 15.6941, 15.8459, 18.0637, 17.7125, 15.5572, 15.5572, 15.9236, 16.3456, 15.7337, 17.9867, 18.0637, 15.7082, 15.8249, 15.7958, 15.7958, 15.8249, 17.7886, 15.6941, 15.8459, 15.8459, 17.8631, 17.6875, 17.0494, 15.8148, 16.7275, 16.0626, 17.8631, 16.6311, 16.0625, 16.6669, 16.6311, 17.7886, 15.8148, 17.4936, 17.8551, 17.0426, 15.6941, 16.0626, 15.9541, 17.0426, 17.5487, 15.7337]], "3": [[12.2363, 13.0086, 12.2926, 13.5644, 12.0802, 12.3511, 11.9678, 12.905, 11.7562, 11.9678, 13.5505, 13.4319, 11.8954, 11.8954, 12.3511, 12.7116, 11.8964, 13.5644, 13.5505, 12.1339, 12.1152, 12.1825, 12.1825, 12.1152, 13.6446, 11.7562, 11.9678, 11.9678, 13.5666, 13.6975, 12.9603, 11.9875, 12.925, 12.0802, 13.5666, 12.7938, 12.3169, 12.6613, 12.7938, 13.6446, 11.9875, 13.4524, 13.6618, 13.0086, 11.7562, 12.0802, 12.1861, 13.0086, 13.301, 11.8964], [13.0922, 13.765, 13.3596, 14.6282, 13.2563, 13.1524, 12.8696, 13.8402, 12.8738, 12.8696, 14.5988, 14.5626, 13.0246, 13.0246, 13.1524, 13.5342, 12.9078, 14.6282, 14.5988, 12.9933, 12.9603, 13.1229, 13.1229, 12.9603, 14.9272, 12.8738, 12.8696, 12.8696, 14.6523, 14.868, 14.0306, 13.0441, 13.9087, 13.2563, 14.6523, 13.8563, 13.2882, 13.6513, 13.8563, 14.9272, 13.0441, 14.4748, 14.7049, 13.765, 12.8738, 13.2563, 13.0964, 13.765, 14.5555, 12.9078], [14.307, 15.0376, 14.494, 15.8707, 14.1729, 14.0502, 13.9817, 14.8839, 13.8477, 13.9817, 15.9386, 15.6287, 13.7269, 13.7269, 14.0502, 14.4226, 13.8826, 15.8707, 15.9386, 13.8602, 13.9632, 13.9375, 13.9375, 13.9632, 15.6959, 13.8477, 13.9817, 13.9817, 15.7615, 15.6066, 15.0436, 13.9542, 14.7596, 14.1729, 15.7615, 14.6745, 14.1728, 14.7061, 14.6745, 15.6959, 13.9542, 15.4355, 15.7545, 15.0376, 13.8477, 14.1729, 14.0772, 15.0376, 15.4842, 13.8826]], "4": [[12.2363, 13.0086, 12.2926, 13.5644, 12.0802, 12.3511, 11.9678, 12.905, 11.7562, 11.9678, 13.5505, 13.4319, 11.8954, 11.8954, 12.3511, 12.7116, 11.8964, 13.5644, 13.5505, 12.1339, 12.1152, 12.1825, 12.1825, 12.1152, 13.6446, 11.7562, 11.9678, 11.9678, 13.5666, 13.6975, 12.9603, 11.9875, 12.925, 12.0802, 13.5666, 12.7938, 12.3169, 12.6613, 12.7938, 13.6446, 11.9875, 13.4524, 13.6618, 13.0086, 11.7562, 12.0802, 12.1861, 13.0086, 13.301, 11.8964], [13.0922, 13.765, 13.3596, 14.6282, 13.2563, 13.1524, 12.8696, 13.8402, 12.8738, 12.8696, 14.5988, 14.5626, 13.0246, 13.0246, 13.1524, 13.5342, 12.9078, 14.6282, 14.5988, 12.9933, 12.9603, 13.1229, 13.1229, 12.9603, 14.9272, 12.8738, 12.8696, 12.8696, 14.6523, 14.868, 14.0306, 13.0441, 13.9087, 13.2563, 14.6523, 13.8563, 13.2882, 13.6513, 13.8563, 14.9272, 13.0441, 14.4748, 14.7049, 13.765, 12.8738, 13.2563, 13.0964, 13.765, 14.5555, 12.9078], [14.307, 15.0376, 14.494, 15.8707, 14.1729, 14.0502, 13.9817, 14.8839, 13.8477, 13.9817, 15.9386, 15.6287, 13.7269, 13.7269, 14.0502, 14.4226, 13.8826, 15.8707, 15.9386, 13.8602, 13.9632, 13.9375, 13.9375, 13.9632, 15.6959, 13.8477, 13.9817, 13.9817, 15.7615, 15.6066, 15.0436, 13.9542, 14.7596, 14.1729, 15.7615, 14.6745, 14.1728, 14.7061, 14.6745, 15.6959, 13.9542, 15.4355, 15.7545, 15.0376, 13.8477, 14.1729, 14.0772, 15.0376, 15.4842, 13.8826]]}, "proc_power": {"0": [[4.76642, 4.97945, 4.78283, 5.23395, 4.64007, 4.74002, 4.60544, 5.02199, 4.5327, 4.60544, 5.24861, 5.20708, 4.60742, 4.60742, 4.74002, 4.81743, 4.57553, 5.23395, 5.24861, 4.60743, 4.66525, 4.71431, 4.71431, 4.66525, 5.27304, 4.5327, 4.60544, 4.60544, 5.2477, 5.28708, 4.99753, 4.66569, 4.89282, 4.64007, 5.2477, 4.87497, 4.77034, 4.80022, 4.87497, 5.27304, 4.66569, 5.1754, 5.29515, 4.97945, 4.5327, 4.64007, 4.73088, 4.97945, 5.19646, 4.57553]],