{"arcs": {"0": [0, 1, 21.0], "1": [0, 2, 94.0], "2": [0, 3, 69.0], "3": [0, 4, 25.0], "4": [1, 6, 30.0], "5": [2, 5, 48.0], "6": [2, 6, 30.0], "7": [3, 6, 16.0], "8": [4, 5, 98.0], "9": [4, 6, 39.0], "10": [4, 8, 92.0], "11": [5, 7, 59.0], "12": [6, 8, 58.0], "13": [7, 9, 69.0], "14": [8, 9, 92.0]}, "proc_exec": {"0": [[8.189708808902534, 3.124885847045972, 2.3997812569993013, 1.4965656709708748, 6.367383293871683, 4.156559071544404, 4.27992144778705, 7.940221661669673, 10.334852160608596, 7.659502965449585]], "1": [[9.473506777189844, 3.556332916769996, 4.978634417812454, 0.8536699955017614, 5.80025235367711, 7.081198727600132, 4.318809037865663, 6.1118512537230965, 4.399816151011178, 5.5949939326152425]], "2": [[5.969757310306054, 2.1378082796732403, 2.411393382327451, 1.766278664201948, 9.377488992047157, 3.8713171353763496, 3.755347825459562, 7.3613988247098145, 6.049247657709628, 5.3872519091670235]]}, "proc_power": {"0": [[85, 85, 85, 85, 85, 85, 85, 85, 85, 85]], "1": [[105, 105, 105, 105, 105, 105, 105, 105, 105, 105]], "2": [[115, 115, 115, 115, 115, 115, 115, 115, 115, 115]]}}