{
    "arcs": {
        "0": [
            0,
            1,
            0.194666
        ],
        "1": [
            1,
            2,
            0.194666
        ],
        "2": [
            0,
            3,
            0.194851
        ],
        "3": [
            2,
            4,
            0.205652
        ],
        "4": [
            3,
            5,
            0.205652
        ],
        "5": [
            3,
            6,
            0.202866
        ],
        "6": [
            1,
            7,
            0.20024
        ],
        "7": [
            7,
            8,
            0.207861
        ],
        "8": [
            7,
            9,
            0.190656
        ],
        "9": [
            2,
            10,
            0.202342
        ],
        "10": [
            6,
            10,
            0.206436
        ],
        "11": [
            6,
            11,
            0.197319
        ],
        "12": [
            4,
            11,
            0.202866
        ],
        "13": [
            5,
            12,
            0.206772
        ],
        "14": [
            10,
            13,
            0.190581
        ],
        "15": [
            10,
            14,
            0.194666
        ],
        "16": [
            11,
            15,
            0.208595
        ],
        "17": [
            5,
            15,
            0.198413
        ],
        "18": [
            15,
            16,
            0.192292
        ],
        "19": [
            9,
            17,
            0.192292
        ],
        "20": [
            14,
            18,
            0.193858
        ],
        "21": [
            14,
            19,
            0.197236
        ],
        "22": [
            19,
            20,
            0.194851
        ],
        "23": [
            9,
            20,
            0.194666
        ],
        "24": [
            17,
            21,
            0.207756
        ],
        "25": [
            8,
            22,
            0.195681
        ],
        "26": [
            8,
            23,
            0.192489
        ],
        "27": [
            19,
            24,
            0.205652
        ]
    },
    "proc_exec": {
        "0": [
            [
                11.102,
                11.2246,
                12.5806,
                11.093,
                10.8895,
                12.1126,
                12.4684,
                10.8895,
                12.2837,
                11.093,
                11.323,
                12.0617,
                12.6902,
                11.4019,
                11.1988,
                12.1126,
                11.6575,
                12.4795,
                11.2246,
                12.1126,
                11.2246,
                12.6902,
                12.0806,
                12.0617,
                12.5561
            ]
        ],
        "1": [
            [
                6.49592,
                6.61846,
                7.35144,
                6.377,
                6.35221,
                7.13781,
                7.29878,
                6.35221,
                7.20523,
                6.377,
                6.65682,
                7.0431,
                7.41819,
                6.54619,
                6.50463,
                7.13781,
                6.84277,
                7.22525,
                6.61846,
                7.13781,
                6.61846,
                7.41819,
                7.03026,
                7.0431,
                7.36778
            ],
            [
                11.2919,
                11.2846,
                12.497,
                10.8792,
                11.0848,
                12.299,
                12.5004,
                11.0848,
                12.2846,
                10.8792,
                11.5128,
                12.0118,
                12.6985,
                11.4652,
                11.0705,
                12.299,
                11.6686,
                12.3372,
                11.2846,
                12.299,
                11.2846,
                12.6985,
                12.1071,
                12.0118,
                12.5508
            ]
        ],
        "2": [
            [
                4.65932,
                4.70285,
                5.21446,
                4.60228,
                4.53729,
                5.08356,
                5.20885,
                4.53729,
                5.13861,
                4.60228,
                4.757,
                4.97392,
                5.28469,
                4.69797,
                4.63961,
                5.08356,
                4.92139,
                5.20431,
                4.70285,
                5.08356,
                4.70285,
                5.28469,
                5.02869,
                4.97392,
                5.20234
            ],
            [
                6.49901,
                6.57965,
                7.22746,
                6.40311,
                6.46616,
                7.07618,
                7.24556,
                6.46616,
                7.18717,
                6.40311,
                6.62372,
                6.9382,
                7.37005,
                6.54631,
                6.41165,
                7.07618,
                6.9034,
                7.22451,
                6.57965,
                7.07618,
                6.57965,
                7.37005,
                6.99283,
                6.9382,
                7.23025
            ],
            [
                11.2551,
                11.2999,
                12.5883,
                11.0396,
                11.086,
                12.2345,
                12.4414,
                11.086,
                12.1934,
                11.0396,
                11.4375,
                12.1373,
                12.7308,
                11.2843,
                11.203,
                12.2345,
                11.8128,
                12.3742,
                11.2999,
                12.2345,
                11.2999,
                12.7308,
                11.981,
                12.1373,
                12.4121
            ]
        ],