{
    "arcs": {
        "0": [
            0,
            1,
            0.194666
        ],
        "1": [
            1,
            2,
            0.194666
        ],
        "2": [
            0,
            3,
            0.194851
        ],
        "3": [
            2,
            4,
            0.205652
        ],
        "4": [
            3,
            5,
            0.205652
        ],
        "5": [
            3,
            6,
            0.202866
        ],
        "6": [
            1,
            7,
            0.20024
        ],
        "7": [
            7,
            8,
            0.207861
        ],
        "8": [
            7,
            9,
            0.190656
        ],
        "9": [
            2,
            10,
            0.202342
        ],
        "10": [
            6,
            10,
            0.206436
        ],
        "11": [
            6,
            11,
            0.197319
        ],
        "12": [
            4,
            11,
            0.202866
        ],
        "13": [
            5,
            12,
            0.206772
        ],
        "14": [
            10,
            13,
            0.190581
        ],
        "15": [
            10,
            14,
            0.194666
        ],
        "16": [
            11,
            15,
            0.208595
        ],
        "17": [
            5,
            15,
            0.198413
        ],
        "18": [
            15,
            16,
            0.192292
        ],
        "19": [
            9,
            17,
            0.192292
        ],
        "20": [
            14,
            18,
            0.193858
        ],
        "21": [
            14,
            19,
            0.197236
        ],
        "22": [
            19,
            20,
            0.194851
        ],
        "23": [
            9,
            20,
            0.194666
        ],
        "24": [
            17,
            21,
            0.207756
        ],
        "25": [
            8,
            22,
            0.195681
        ],
        "26": [
            8,
            23,
            0.192489
        ],
        "27": [
            19,
            24,
            0.205652
        ]
    },
    "proc_exec": {
        "0": [
            [
                18.5033,
                18.7076,
                20.9677,
                18.4883,
                18.1492,
                20.1877,
                20.7806,
                18.1492,
                20.4729,
                18.4883,
                18.8716,
                20.1028,
                21.1504,
                19.0031,
                18.6647,
                20.1877,
                19.4292,
                20.7991,
                18.7076,
                20.1877,
                18.7076,
                21.1504,
                20.1344,
                20.1028,
                20.9268
            ]
        ],
        "1": [
            [
                15.7758,
                16.0734,
                17.8535,
                15.487,
                15.4268,
                17.3347,
                17.7256,
                15.4268,
                17.4984,
                15.487,
                16.1666,
                17.1047,
                18.0156,
                15.8979,
                15.797,
                17.3347,
                16.6182,
                17.547,
                16.0734,
                17.3347,
                16.0734,
                18.0156,
                17.0735,
                17.1047,
                17.8932
            ],
            [
                18.8199,
                18.8076,
                20.8283,
                18.132,
                18.4747,
                20.4984,
                20.834,
                18.4747,
                20.4743,
                18.132,
                19.1881,
                20.0197,
                21.1641,
                19.1087,
                18.4509,
                20.4984,
                19.4477,
                20.562,
                18.8076,
                20.4984,
                18.8076,
                21.1641,
                20.1786,
                20.0197,
                20.918
            ]
        ],
        "2": [
            [
                13.978,
                14.1086,
                15.6434,
                13.8068,
                13.6119,
                15.2507,
                15.6266,
                13.6119,
                15.4158,
                13.8068,
                14.271,
                14.9217,
                15.8541,
                14.0939,
                13.9188,
                15.2507,
                14.7642,
                15.6129,
                14.1086,
                15.2507,
                14.1086,
                15.8541,
                15.0861,
                14.9217,
                15.607
            ],
            [
                15.7833,
                15.9791,
                17.5524,
                15.5504,
                15.7035,
                17.185,
                17.5964,
                15.7035,
                17.4546,
                15.5504,
                16.0862,
                16.8499,
                17.8987,
                15.8982,
                15.5712,
                17.185,
                16.7654,
                17.5452,
                15.9791,
                17.185,
                15.9791,
                17.8987,
                16.9826,
                16.8499,
                17.5592
            ],
            [
                18.7585,
                18.8331,
                20.9805,
                18.3993,
                18.4766,
                20.3909,
                20.7357,
                18.4766,
                20.3223,
                18.3993,
                19.0625,
                20.2288,
                21.218,
                18.8072,
                18.6717,
                20.3909,
                19.6881,
                20.6237,
                18.8331,
                20.3909,
                18.8331,
                21.218,
                19.9683,
                20.2288,
                20.6869
            ]
        ],