{"arcs": {"0": [0, 1, 1.97169], "1": [1, 2, 1.97333], "2": [0, 3, 1.97333], "3": [2, 4, 1.95048], "4": [3, 5, 1.91181], "5": [3, 6, 1.97149], "6": [1, 7, 2.03497], "7": [7, 8, 1.931], "8": [7, 9, 1.9507], "9": [2, 10, 2.02631], "10": [6, 10, 2.07246], "11": [6, 11, 2.0546], "12": [4, 11, 1.94412], "13": [5, 12, 1.91896], "14": [10, 13, 1.92893], "15": [10, 14, 1.9591], "16": [11, 15, 1.94188], "17": [5, 15, 2.06497], "18": [15, 16, 1.95514], "19": [9, 17, 1.97663], "20": [14, 18, 1.92177], "21": [14, 19, 2.04987], "22": [19, 20, 2.01245], "23": [9, 20, 1.9886], "24": [17, 21, 2.07079], "25": [8, 22, 2.0546], "26": [8, 23, 1.94136], "27": [19, 24, 1.94362], "28": [24, 25, 2.00423], "29": [15, 25, 1.99092], "30": [13, 26, 1.95016], "31": [11, 27, 1.93847], "32": [17, 27, 2.06497], "33": [12, 28, 1.91069], "34": [24, 29, 1.92241], "35": [16, 29, 2.06108], "36": [21, 30, 2.08145], "37": [22, 31, 2.02076], "38": [16, 32, 1.94188], "39": [21, 33, 1.90127], "40": [20, 34, 1.99097], "41": [27, 35, 2.01635], "42": [13, 36, 1.92044], "43": [32, 37, 2.04404], "44": [36, 38, 2.04619], "45": [36, 39, 2.05945], "46": [26, 40, 2.07043], "47": [33, 41, 1.97076], "48": [4, 41, 2.0213], "49": [41, 42, 1.97076], "50": [35, 43, 2.03618], "51": [20, 43, 2.06083], "52": [34, 44, 1.98424], "53": [34, 45, 1.92407], "54": [39, 46, 1.95578], "55": [18, 46, 1.95048], "56": [26, 47, 1.91064], "57": [23, 47, 1.92898], "58": [27, 48, 1.92898], "59": [12, 48, 2.00327], "60": [38, 49, 1.94188], "61": [42, 50, 2.07557], "62": [25, 51, 1.92898], "63": [37, 52, 2.07548], "64": [46, 53, 2.08576], "65": [48, 54, 1.92241], "66": [41, 55, 1.90436], "67": [43, 55, 1.97076], "68": [45, 56, 2.06497], "69": [53, 57, 2.01577], "70": [53, 58, 1.92898], "71": [55, 59, 1.94362], "72": [49, 60, 2.00423], "73": [39, 61, 1.98117], "74": [22, 62, 1.9507], "75": [28, 63, 2.08829], "76": [28, 64, 1.98409], "77": [32, 65, 2.01988], "78": [38, 65, 1.91064], "79": [60, 66, 1.93433], "80": [43, 67, 1.95458], "81": [64, 68, 1.92898], "82": [29, 69, 1.90436], "83": [44, 69, 2.00423], "84": [59, 70, 1.90333], "85": [59, 71, 1.94729], "86": [29, 72, 2.04018], "87": [71, 72, 2.07997], "88": [62, 73, 1.93129], "89": [62, 74, 2.0199], "90": [52, 75, 1.93378], "91": [70, 75, 1.90836], "92": [56, 76, 1.97781], "93": [69, 76, 2.0213], "94": [75, 77, 1.90333], "95": [72, 78, 2.03618], "96": [58, 79, 2.03102], "97": [58, 80, 1.93131], "98": [47, 81, 1.97333], "99": [42, 81, 1.91064], "100": [61, 82, 1.90333], "101": [61, 83, 1.92407], "102": [81, 84, 1.9507], "103": [65, 85, 2.06497], "104": [30, 86, 2.07557], "105": [79, 87, 1.93701], "106": [86, 88, 2.02841], "107": [86, 89, 1.96958], "108": [57, 90, 1.9591], "109": [57, 91, 1.98644], "110": [91, 92, 2.01577], "111": [51, 93, 2.06083], "112": [92, 94, 1.99729], "113": [92, 95, 1.90333], "114": [94, 96, 2.08867], "115": [89, 97, 2.05658], "116": [64, 97, 2.0736], "117": [71, 98, 2.0546], "118": [49, 98, 1.99092], "119": [77, 99, 1.99729]}, "proc_exec": {"0": [[17.395, 17.8955, 15.6455, 17.5815, 15.5646, 17.7979, 16.425, 17.4282, 17.5508, 16.0009, 16.5639, 17.8207, 17.9147, 17.9807, 17.8663, 17.7242, 17.6715, 15.95, 16.9199, 16.7725, 17.4282, 17.2351, 16.9778, 16.6481, 16.1136, 15.8186, 17.9807, 17.0187, 17.9147, 15.8329, 15.8657, 17.5815, 17.2698, 17.2578, 17.8946, 15.4747, 17.8946, 16.8612, 17.4282, 16.4288, 17.0776, 16.2768, 17.5508, 16.9485, 16.6481, 15.7747, 17.0187, 16.7725, 16.2771, 15.5805, 17.2698, 15.5833, 17.0776, 17.5815, 17.2351, 16.0369, 15.459, 17.172, 16.6565, 16.9754, 17.9147, 16.4288, 17.4856, 15.9876, 17.5013, 15.9876, 16.9199, 17.0776, 17.9727, 17.3758, 15.8657, 17.461, 16.425, 15.9876, 15.9349, 16.1136, 17.395, 17.5013, 17.0187, 17.2116, 16.7795, 17.9147, 17.9727, 16.9778, 16.0009, 17.2116, 15.6849, 17.0187, 16.608, 17.172, 16.6041, 17.461, 17.8946, 15.7787, 16.2771, 17.2446, 17.8212, 15.6455, 17.4282, 17.0409]], "1": [[16.1832, 16.7393, 14.8699, 16.4043, 14.6012, 17.0597, 15.5762, 16.4179, 16.5663, 15.2624, 15.696, 16.5894, 16.9868, 16.7891, 16.6652, 16.6134, 16.55, 14.8999, 15.6121, 16.1014, 16.4179, 16.1733, 15.7834, 15.9384, 15.1761, 14.914, 16.7891, 15.9566, 16.9868, 14.7642, 15.1365, 16.4043, 16.0646, 16.3427, 16.8301, 14.5645, 16.8301, 15.5973, 16.4179, 15.573, 15.8493, 15.4047, 16.5663, 16.2345, 15.9384, 14.8169, 15.9566, 16.1014, 15.3956, 14.6153, 16.0646, 14.5564, 15.8493, 16.4043, 16.1733, 14.9772, 14.5809, 16.4042, 15.6682, 15.8368, 16.9868, 15.573, 16.6479, 15.0946, 16.4221, 15.0946, 15.6121, 15.8493, 16.8764, 16.5236, 15.1365, 16.2827, 15.5762, 15.0946, 14.8202, 15.1761, 16.1832, 16.4221, 15.9566, 16.2612, 15.7502, 16.9868, 16.8764, 15.7834, 15.2624, 16.2612, 14.66, 15.9566, 15.8683, 16.4042, 15.9347, 16.2827, 16.8301, 15.0327, 15.3956, 16.3194, 16.7837, 14.8699, 16.4179, 15.8418], [17.195, 17.8137, 15.5153, 17.5642, 15.4705, 17.7886, 16.6865, 17.2224, 17.4379, 16.2388, 16.3804, 17.5672, 17.9749, 17.7238, 17.8542, 17.6557, 17.3659, 15.6711, 16.7511, 16.981, 17.2224, 16.9402, 16.9757, 16.6821, 16.3561, 15.7718, 17.7238, 17.1641, 17.9749, 15.7998, 15.8216, 17.5642, 17.4052, 17.3693, 18.0401, 15.7304, 18.0401, 16.68, 17.2224, 16.3382, 17.1619, 16.1514, 17.4379, 16.934, 16.6821, 15.4778, 17.1641, 16.981, 16.3449, 15.6349, 17.4052, 15.6519, 17.1619, 17.5642, 16.9402, 16.0145, 15.7324, 17.5198, 16.4487, 16.7383, 17.9749, 16.3382, 17.6412, 15.9092, 17.4491, 15.9092, 16.7511, 17.1619, 17.936, 17.3433, 15.8216, 17.6448, 16.6865, 15.9092, 15.6576, 16.3561, 17.195, 17.4491, 17.1641, 17.34, 16.9424, 17.9749, 17.936, 16.9757, 16.2388, 17.34, 15.6178, 17.1641, 16.7756, 17.5198, 16.5641, 17.6448, 18.0401, 15.9348, 16.3449, 17.1718, 17.7246, 15.5153, 17.2224, 16.7386]],