{"arcs": {"0": [0, 1, 1.94666], "1": [1, 2, 1.94666], "2": [0, 3, 1.94851], "3": [2, 4, 2.05652], "4": [3, 5, 2.05652], "5": [3, 6, 2.02866], "6": [1, 7, 2.0024], "7": [7, 8, 2.07861], "8": [7, 9, 1.90656], "9": [2, 10, 2.02342], "10": [6, 10, 2.06436], "11": [6, 11, 1.97319], "12": [4, 11, 2.02866], "13": [5, 12, 2.06772], "14": [10, 13, 1.90581], "15": [10, 14, 1.94666], "16": [11, 15, 2.08595], "17": [5, 15, 1.98413], "18": [15, 16, 1.92292], "19": [9, 17, 1.92292], "20": [14, 18, 1.93858], "21": [14, 19, 1.97236], "22": [19, 20, 1.94851], "23": [9, 20, 1.94666], "24": [17, 21, 2.07756], "25": [8, 22, 1.95681], "26": [8, 23, 1.92489], "27": [19, 24, 2.05652]}, "proc_exec": {"0": [[15.7278, 15.9015, 17.8226, 15.715, 15.4268, 17.1596, 17.6635, 15.4268, 17.402, 15.715, 16.0409, 17.0873, 17.9778, 16.1526, 15.865, 17.1596, 16.5148, 17.6792, 15.9015, 17.1596, 15.9015, 17.9778, 17.1142, 17.0873, 17.7878]], "1": [[14.8478, 15.1279, 16.8033, 14.576, 14.5193, 16.315, 16.6829, 14.5193, 16.4691, 14.576, 15.2156, 16.0985, 16.9559, 14.9627, 14.8677, 16.315, 15.6406, 16.5149, 15.1279, 16.315, 15.1279, 16.9559, 16.0692, 16.0985, 16.8406], [15.9969, 15.9865, 17.7041, 15.4122, 15.7035, 17.4236, 17.7089, 15.7035, 17.4032, 15.4122, 16.3098, 17.0167, 17.9895, 16.2424, 15.6832, 17.4236, 16.5305, 17.4777, 15.9865, 17.4236, 15.9865, 17.9895, 17.1518, 17.0167, 17.7803]], "2": [[13.978, 14.1086, 15.6434, 13.8068, 13.6119, 15.2507, 15.6266, 13.6119, 15.4158, 13.8068, 14.271, 14.9217, 15.8541, 14.0939, 13.9188, 15.2507, 14.7642, 15.6129, 14.1086, 15.2507, 14.1086, 15.8541, 15.0861, 14.9217, 15.607], [14.8549, 15.0392, 16.5199, 14.6357, 14.7798, 16.1741, 16.5613, 14.7798, 16.4278, 14.6357, 15.1399, 15.8587, 16.8458, 14.963, 14.6552, 16.1741, 15.7792, 16.5132, 15.0392, 16.1741, 15.0392, 16.8458, 15.9836, 15.8587, 16.5263], [15.9447, 16.0082, 17.8334, 15.6394, 15.7051, 17.3322, 17.6254, 15.7051, 17.274, 15.6394, 16.2032, 17.1945, 18.0353, 15.9861, 15.8709, 17.3322, 16.7348, 17.5302, 16.0082, 17.3322, 16.0082, 18.0353, 16.973, 17.1945, 17.5838]], "3": [[12.1142, 12.2274, 13.5576, 11.9659, 11.797, 13.2173, 13.543, 11.797, 13.3604, 11.9659, 12.3682, 12.9322, 13.7402, 12.2147, 12.063, 13.2173, 12.7956, 13.5312, 12.2274, 13.2173, 12.2274, 13.7402, 13.0746, 12.9322, 13.5261], [12.998, 13.1593, 14.4549, 12.8062, 12.9323, 14.1524, 14.4911, 12.9323, 14.3743, 12.8062, 13.2474, 13.8764, 14.7401, 13.0926, 12.8233, 14.1524, 13.8068, 14.449, 13.1593, 14.1524, 13.1593, 14.7401, 13.9857, 13.8764, 14.4605], [14.0688, 14.1249, 15.7353, 13.7995, 13.8575, 15.2932, 15.5518, 13.8575, 15.2417, 13.7995, 14.2969, 15.1716, 15.9135, 14.1054, 14.0038, 15.2932, 14.766, 15.4678, 14.1249, 15.2932, 14.1249, 15.9135, 14.9762, 15.1716, 15.5152]], "4": [[12.1142, 12.2274, 13.5576, 11.9659, 11.797, 13.2173, 13.543, 11.797, 13.3604, 11.9659, 12.3682, 12.9322, 13.7402, 12.2147, 12.063, 13.2173, 12.7956, 13.5312, 12.2274, 13.2173, 12.2274, 13.7402, 13.0746, 12.9322, 13.5261], [12.998, 13.1593, 14.4549, 12.8062, 12.9323, 14.1524, 14.4911, 12.9323, 14.3743, 12.8062, 13.2474, 13.8764, 14.7401, 13.0926, 12.8233, 14.1524, 13.8068, 14.449, 13.1593, 14.1524, 13.1593, 14.7401, 13.9857, 13.8764, 14.4605], [14.0688, 14.1249, 15.7353, 13.7995, 13.8575, 15.2932, 15.5518, 13.8575, 15.2417, 13.7995, 14.2969, 15.1716, 15.9135, 14.1054, 14.0038, 15.2932, 14.766, 15.4678, 14.1249, 15.2932, 14.1249, 15.9135, 14.9762, 15.1716, 15.5152]]}, "proc_power": {"0": [[4.62583, 4.6769, 5.24193, 4.62206, 4.53729, 5.04694, 5.19515, 4.53729, 5.11822, 4.62206, 4.7179, 5.02569, 5.28759, 4.75077, 4.66616, 5.04694, 4.85729, 5.19978, 4.6769, 5.04694, 4.6769, 5.28759, 5.0336, 5.02569, 5.23169]], "1": [[5.56793, 5.67297, 6.30123, 5.466, 5.44475, 6.11812, 6.25609, 5.44475, 6.17591, 5.466, 5.70585, 6.03694, 6.35845, 5.61102, 5.5754, 6.11812, 5.86523, 6.19307, 5.67297, 6.11812, 5.67297, 6.35845, 6.02594, 6.03694, 6.31524], [4.70497, 4.7019, 5.20708, 4.53301, 4.61868, 5.1246, 5.20849, 4.61868, 5.11858, 4.53301, 4.79701, 5.00492, 5.29102, 4.77718, 4.61272, 5.1246, 4.86192, 5.14049, 4.7019, 5.1246, 4.7019, 5.29102, 5.04464, 5.00492, 5.22949]], "2": [[6.52305, 6.58399, 7.30025, 6.44319, 6.35221, 7.11699, 7.29239, 6.35221, 7.19406, 6.44319, 6.6598, 6.96348, 7.39857, 6.57715, 6.49545, 7.11699, 6.88995, 7.28604, 6.58399, 7.11699, 6.58399, 7.39857, 7.04016, 6.96348, 7.28328], [5.57058, 5.6397, 6.19496, 5.48838, 5.54242, 6.0653, 6.21048, 5.54242, 6.16043, 5.48838, 5.67747, 5.94703, 6.31718, 5.61112, 5.4957, 6.0653, 5.9172, 6.19244, 5.6397, 6.0653, 5.6397, 6.31718, 5.99385, 5.94703, 6.19736], [4.68962, 4.70829, 5.24512, 4.59982, 4.61915, 5.09772, 5.18393, 4.61915, 5.08057, 4.59982, 4.76564, 5.05719, 5.30449, 4.7018, 4.66792, 5.09772, 4.92201, 5.15594, 4.70829, 5.09772, 4.70829, 5.30449, 4.99207, 5.05719, 5.17172]], "3": [[8.38678, 8.46513, 9.38603, 8.2841, 8.16712, 9.15041, 9.37593, 8.16712, 9.2495, 8.2841, 8.5626, 8.95305, 9.51244, 8.45634, 8.3513, 9.15041, 8.85851, 9.36776, 8.46513, 9.15041, 8.46513, 9.51244, 9.05163, 8.95305, 9.36421], [7.42743, 7.5196, 8.25995, 7.31784, 7.3899, 8.08706, 8.28065, 7.3899, 8.21391, 7.31784, 7.56997, 7.92937, 8.42291, 7.4815, 7.3276, 8.08706, 7.8896, 8.25659, 7.5196, 8.08706, 7.5196, 8.42291, 7.9918, 7.92937, 8.26314], [6.56546, 6.5916, 7.34316, 6.43975, 6.46682, 7.13681, 7.2575, 6.46682, 7.1128, 6.43975, 6.67189, 7.08007, 7.42629, 6.58252, 6.53509, 7.13681, 6.89082, 7.21831, 6.5916, 7.13681, 6.5916, 7.42629, 6.9889, 7.08007, 7.24041]], "4": [[8.38678, 8.46513, 9.38603, 8.2841, 8.16712, 9.15041, 9.37593, 8.16712, 9.2495, 8.2841, 8.5626, 8.95305, 9.51244, 8.45634, 8.3513, 9.15041, 8.85851, 9.36776, 8.46513, 9.15041, 8.46513, 9.51244, 9.05163, 8.95305, 9.36421], [7.42743, 7.5196, 8.25995, 7.31784, 7.3899, 8.08706, 8.28065, 7.3899, 8.21391, 7.31784, 7.56997, 7.92937, 8.42291, 7.4815, 7.3276, 8.08706, 7.8896, 8.25659, 7.5196, 8.08706, 7.5196, 8.42291, 7.9918, 7.92937, 8.26314], [6.56546, 6.5916, 7.34316, 6.43975, 6.46682, 7.13681, 7.2575, 6.46682, 7.1128, 6.43975, 6.67189, 7.08007, 7.42629, 6.58252, 6.53509, 7.13681, 6.89082, 7.21831, 6.5916, 7.13681, 6.5916, 7.42629, 6.9889, 7.08007, 7.24041]]}}