{"arcs": {"0": [0, 1, 2.0024], "1": [1, 2, 2.05652], "2": [0, 3, 1.96339], "3": [2, 4, 2.04456], "4": [3, 5, 1.99856], "5": [3, 6, 1.90759], "6": [1, 7, 1.95154], "7": [7, 8, 1.92083], "8": [7, 9, 1.92441], "9": [2, 10, 1.97236], "10": [6, 10, 2.02342], "11": [6, 11, 1.98413], "12": [4, 11, 2.08595], "13": [5, 12, 1.94125], "14": [10, 13, 1.98413], "15": [10, 14, 1.95681], "16": [11, 15, 2.05652], "17": [5, 15, 1.99642], "18": [15, 16, 2.06436], "19": [9, 17, 1.99295], "20": [14, 18, 1.90656], "21": [14, 19, 1.90069], "22": [19, 20, 2.07861], "23": [9, 20, 2.03952], "24": [17, 21, 2.02342], "25": [8, 22, 1.90703], "26": [8, 23, 1.90759], "27": [19, 24, 2.02342], "28": [24, 25, 2.05652], "29": [15, 25, 1.95154], "30": [13, 26, 1.97236], "31": [11, 27, 1.92489], "32": [17, 27, 2.06772], "33": [12, 28, 1.92292], "34": [24, 29, 1.98716], "35": [16, 29, 1.97236], "36": [21, 30, 1.97319], "37": [22, 31, 1.9579], "38": [16, 32, 1.90069], "39": [21, 33, 1.93476], "40": [20, 34, 1.90759], "41": [27, 35, 1.93858], "42": [13, 36, 1.94851], "43": [32, 37, 2.08595], "44": [36, 38, 1.90656], "45": [36, 39, 1.90703], "46": [26, 40, 2.0024], "47": [33, 41, 1.93858], "48": [4, 41, 1.90069], "49": [41, 42, 2.06733], "50": [35, 43, 2.06772], "51": [20, 43, 1.90759], "52": [34, 44, 1.90581], "53": [34, 45, 2.02124], "54": [39, 46, 1.94666], "55": [18, 46, 1.94234], "56": [26, 47, 1.93858], "57": [23, 47, 1.9579], "58": [27, 48, 1.94128], "59": [12, 48, 1.90703], "60": [38, 49, 1.94234]}, "proc_exec": {"0": [[16.2058, 16.9301, 16.2616, 17.7954, 15.7762, 16.1161, 15.6585, 17.0748, 15.4112, 15.6585, 17.8453, 17.7041, 15.6652, 15.6652, 16.1161, 16.3792, 15.5568, 17.7954, 17.8453, 15.6652, 15.8619, 16.0287, 16.0287, 15.8619, 17.9283, 15.4112, 15.6585, 15.6585, 17.8422, 17.9761, 16.9916, 15.8633, 16.6356, 15.7762, 17.8422, 16.5749, 16.2192, 16.3207, 16.5749, 17.9283, 15.8633, 17.5964, 18.0035, 16.9301, 15.4112, 15.7762, 16.085, 16.9301, 17.668, 15.5568]], "1": [[14.9397, 15.9824, 15.3026, 16.9186, 14.9054, 15.2684, 14.9305, 15.8209, 14.5643, 14.9305, 16.7028, 16.5199, 14.7562, 14.7562, 15.2684, 15.5434, 14.6417, 16.9186, 16.7028, 14.7056, 15.0313, 14.8962, 14.8962, 15.0313, 17.0515, 14.5643, 14.9305, 14.9305, 16.5598, 16.9976, 16.0447, 14.9632, 15.8107, 14.9054, 16.5598, 15.6417, 15.2277, 15.5971, 15.6417, 17.0515, 14.9632, 16.6723, 17.0071, 15.9824, 14.5643, 14.9054, 14.8626, 15.9824, 16.4444, 14.6417], [16.0641, 16.8717, 16.2345, 17.9882, 15.9605, 15.9142, 15.8531, 16.8089, 15.6285, 15.8531, 18.0427, 17.8334, 15.6634, 15.6634, 15.9142, 16.3114, 15.6738, 17.9882, 18.0427, 15.8432, 16.0691, 15.8994, 15.8994, 16.0691, 17.7979, 15.6285, 15.8531, 15.8531, 17.5612, 17.9594, 16.922, 15.7593, 16.8268, 15.9605, 17.5612, 16.5579, 16.2475, 16.6035, 16.5579, 17.7979, 15.7593, 17.7814, 18.0333, 16.8717, 15.6285, 15.9605, 15.9405, 16.8717, 17.6137, 15.6738]], "2": [[14.1189, 15.0099, 14.1838, 15.6513, 13.9387, 14.2512, 13.809, 14.8904, 13.5648, 13.809, 15.6351, 15.4984, 13.7255, 13.7255, 14.2512, 14.6672, 13.7266, 15.6513, 15.6351, 14.0006, 13.979, 14.0567, 14.0567, 13.979, 15.7437, 13.5648, 13.809, 13.809, 15.6538, 15.8048, 14.9542, 13.8317, 14.9134, 13.9387, 15.6538, 14.7621, 14.2118, 14.6092, 14.7621, 15.7437, 13.8317, 15.522, 15.7636, 15.0099, 13.5648, 13.9387, 14.0609, 15.0099, 15.3473, 13.7266], [14.9625, 15.7314, 15.2681, 16.7179, 15.1501, 15.0313, 14.7081, 15.8174, 14.7129, 14.7081, 16.6844, 16.643, 14.8852, 14.8852, 15.0313, 15.4677, 14.7518, 16.7179, 16.6844, 14.8495, 14.8117, 14.9976, 14.9976, 14.8117, 17.0597, 14.7129, 14.7081, 14.7081, 16.7455, 16.992, 16.0349, 14.9076, 15.8956, 15.1501, 16.7455, 15.8358, 15.1865, 15.6014, 15.8358, 17.0597, 14.9076, 16.5426, 16.8056, 15.7314, 14.7129, 15.1501, 14.9673, 15.7314, 16.6349, 14.7518], [16.2146, 17.0426, 16.4265, 17.9867, 16.0626, 15.9236, 15.8459, 16.8684, 15.6941, 15.8459, 18.0637, 17.7125, 15.5572, 15.5572, 15.9236, 16.3456, 15.7337, 17.9867, 18.0637, 15.7082, 15.8249, 15.7958, 15.7958, 15.8249, 17.7886, 15.6941, 15.8459, 15.8459, 17.8631, 17.6875, 17.0494, 15.8148, 16.7275, 16.0626, 17.8631, 16.6311, 16.0625, 16.6669, 16.6311, 17.7886, 15.8148, 17.4936, 17.8551, 17.0426, 15.6941, 16.0626, 15.9541, 17.0426, 17.5487, 15.7337]]}, "proc_power": {"0": [[4.76642, 4.97945, 4.78283, 5.23395, 4.64007, 4.74002, 4.60544, 5.02199, 4.5327, 4.60544, 5.24861, 5.20708, 4.60742, 4.60742, 4.74002, 4.81743, 4.57553, 5.23395, 5.24861, 4.60743, 4.66525, 4.71431, 4.71431, 4.66525, 5.27304, 4.5327, 4.60544, 4.60544, 5.2477, 5.28708, 4.99753, 4.66569, 4.89282, 4.64007, 5.2477, 4.87497, 4.77034, 4.80022, 4.87497, 5.27304, 4.66569, 5.1754, 5.29515, 4.97945, 4.5327, 4.64007, 4.73088, 4.97945, 5.19646, 4.57553]], "1": [[5.6024, 5.99339, 5.73846, 6.34446, 5.58951, 5.72566, 5.59893, 5.93282, 5.46162, 5.59893, 6.26355, 6.19496, 5.53358, 5.53358, 5.72566, 5.82878, 5.49063, 6.34446, 6.26355, 5.5146, 5.63675, 5.58609, 5.58609, 5.63675, 6.39432, 5.46162, 5.59893, 5.59893, 6.20993, 6.3741, 6.01677, 5.61122, 5.92903, 5.58951, 6.20993, 5.86563, 5.71039, 5.84891, 5.86563, 6.39432, 5.61122, 6.25211, 6.37766, 5.99339, 5.46162, 5.58951, 5.57346, 5.99339, 6.16664, 5.49063], [4.72472, 4.96228, 4.77485, 5.29065, 4.69427, 4.68063, 4.66267, 4.94378, 4.59661, 4.66267, 5.30666, 5.24512, 4.60688, 4.60688, 4.68063, 4.79746, 4.60994, 5.29065, 5.30666, 4.65978, 4.72622, 4.6763, 4.6763, 4.72622, 5.23468, 4.59661, 4.66267, 4.66267, 5.16505, 5.28216, 4.97706, 4.63507, 4.94905, 4.69427, 5.16505, 4.86998, 4.77868, 4.88338, 4.86998, 5.23468, 4.63507, 5.22983, 5.3039, 4.96228, 4.59661, 4.69427, 4.68838, 4.96228, 5.18051, 4.60994]], "2": [[6.5888, 7.00463, 6.61909, 7.30392, 6.50472, 6.65057, 6.4442, 6.94886, 6.33025, 6.4442, 7.2964, 7.23258, 6.40524, 6.40524, 6.65057, 6.8447, 6.40574, 7.30392, 7.2964, 6.53362, 6.52356, 6.55981, 6.55981, 6.52356, 7.34708, 6.33025, 6.4442, 6.4442, 7.3051, 7.37557, 6.97865, 6.45481, 6.9596, 6.50472, 7.3051, 6.88899, 6.63216, 6.81763, 6.88899, 7.34708, 6.45481, 7.2436, 7.35637, 7.00463, 6.33025, 6.50472, 6.56173, 7.00463, 7.16205, 6.40574], [5.61094, 5.89929, 5.72552, 6.26921, 5.68128, 5.63675, 5.51554, 5.93151, 5.51735, 5.51554, 6.25664, 6.24113, 5.58197, 5.58197, 5.63675, 5.80039, 5.53192, 6.26921, 6.25664, 5.56856, 5.5544, 5.62412, 5.62412, 5.5544, 6.39737, 5.51735, 5.51554, 5.51554, 6.27957, 6.37199, 6.0131, 5.59033, 5.96086, 5.68128, 6.27957, 5.93843, 5.69494, 5.85054, 5.93843, 6.39737, 5.59033, 6.20348, 6.30209, 5.89929, 5.51735, 5.68128, 5.61273, 5.89929, 6.23808, 5.53192], [4.769, 5.01253, 4.83133, 5.29022, 4.7243, 4.6834, 4.66056, 4.9613, 4.61591, 4.66056, 5.31286, 5.20957, 4.57565, 4.57565, 4.6834, 4.80752, 4.62755, 5.29022, 5.31286, 4.62007, 4.65439, 4.64582, 4.64582, 4.65439, 5.23195, 4.61591, 4.66056, 4.66056, 5.25384, 5.2022, 5.01452, 4.65141, 4.91986, 4.7243, 5.25384, 4.89151, 4.72425, 4.90202, 4.89151, 5.23195, 4.65141, 5.14516, 5.25151, 5.01253, 4.61591, 4.7243, 4.69238, 5.01253, 5.16139, 4.62755]]}}