{"arcs": {"0": [0, 1, 0.20024], "1": [1, 2, 0.205652], "2": [0, 3, 0.196339], "3": [2, 4, 0.204456], "4": [3, 5, 0.199856], "5": [3, 6, 0.190759], "6": [1, 7, 0.195154], "7": [7, 8, 0.192083], "8": [7, 9, 0.192441], "9": [2, 10, 0.197236], "10": [6, 10, 0.202342], "11": [6, 11, 0.198413], "12": [4, 11, 0.208595], "13": [5, 12, 0.194125], "14": [10, 13, 0.198413], "15": [10, 14, 0.195681], "16": [11, 15, 0.205652], "17": [5, 15, 0.199642], "18": [15, 16, 0.206436], "19": [9, 17, 0.199295], "20": [14, 18, 0.190656], "21": [14, 19, 0.190069], "22": [19, 20, 0.207861], "23": [9, 20, 0.203952], "24": [17, 21, 0.202342], "25": [8, 22, 0.190703], "26": [8, 23, 0.190759], "27": [19, 24, 0.202342], "28": [24, 25, 0.205652], "29": [15, 25, 0.195154], "30": [13, 26, 0.197236], "31": [11, 27, 0.192489], "32": [17, 27, 0.206772], "33": [12, 28, 0.192292], "34": [24, 29, 0.198716], "35": [16, 29, 0.197236], "36": [21, 30, 0.197319], "37": [22, 31, 0.19579], "38": [16, 32, 0.190069], "39": [21, 33, 0.193476], "40": [20, 34, 0.190759], "41": [27, 35, 0.193858], "42": [13, 36, 0.194851], "43": [32, 37, 0.208595], "44": [36, 38, 0.190656], "45": [36, 39, 0.190703], "46": [26, 40, 0.20024], "47": [33, 41, 0.193858], "48": [4, 41, 0.190069], "49": [41, 42, 0.206733], "50": [35, 43, 0.206772], "51": [20, 43, 0.190759], "52": [34, 44, 0.190581], "53": [34, 45, 0.202124], "54": [39, 46, 0.194666], "55": [18, 46, 0.194234], "56": [26, 47, 0.193858], "57": [23, 47, 0.19579], "58": [27, 48, 0.194128], "59": [12, 48, 0.190703], "60": [38, 49, 0.194234]}, "proc_exec": {"0": [[11.4394, 11.9507, 11.4788, 12.5615, 11.1362, 11.376, 11.0531, 12.0528, 10.8785, 11.0531, 12.5967, 12.497, 11.0578, 11.0578, 11.376, 11.5618, 10.9813, 12.5615, 12.5967, 11.0578, 11.1966, 11.3144, 11.3144, 11.1966, 12.6553, 10.8785, 11.0531, 11.0531, 12.5945, 12.689, 11.9941, 11.1977, 11.7428, 11.1362, 12.5945, 11.6999, 11.4488, 11.5205, 11.6999, 12.6553, 11.1977, 12.421, 12.7084, 11.9507, 10.8785, 11.1362, 11.3541, 11.9507, 12.4715, 10.9813]], "1": [[6.53613, 6.99229, 6.69487, 7.40187, 6.52109, 6.67994, 6.53209, 6.92163, 6.37189, 6.53209, 7.30748, 7.22746, 6.45584, 6.45584, 6.67994, 6.80024, 6.40574, 7.40187, 7.30748, 6.4337, 6.57621, 6.5171, 6.5171, 6.57621, 7.46004, 6.37189, 6.53209, 6.53209, 7.24492, 7.43644, 7.01956, 6.54642, 6.9172, 6.52109, 7.24492, 6.84323, 6.66212, 6.82373, 6.84323, 7.46004, 6.54642, 7.29413, 7.4406, 6.99229, 6.37189, 6.52109, 6.50237, 6.99229, 7.19442, 6.40574], [11.3393, 11.9095, 11.4596, 12.6976, 11.2663, 11.2335, 11.1904, 11.8651, 11.0319, 11.1904, 12.736, 12.5883, 11.0565, 11.0565, 11.2335, 11.5139, 11.0638, 12.6976, 12.736, 11.1835, 11.3429, 11.2231, 11.2231, 11.3429, 12.5632, 11.0319, 11.1904, 11.1904, 12.3961, 12.6772, 11.9449, 11.1242, 11.8777, 11.2663, 12.3961, 11.6879, 11.4688, 11.7201, 11.6879, 12.5632, 11.1242, 12.5516, 12.7294, 11.9095, 11.0319, 11.2663, 11.2521, 11.9095, 12.4332, 11.0638]], "2": [[4.70629, 5.00331, 4.72792, 5.21709, 4.64623, 4.75041, 4.603, 4.96347, 4.5216, 4.603, 5.21172, 5.16613, 4.57517, 4.57517, 4.75041, 4.88907, 4.57553, 5.21709, 5.21172, 4.66687, 4.65968, 4.68558, 4.68558, 4.65968, 5.24792, 4.5216, 4.603, 4.603, 5.21793, 5.26826, 4.98475, 4.61058, 4.97115, 4.64623, 5.21793, 4.92071, 4.73725, 4.86974, 4.92071, 5.24792, 4.61058, 5.174, 5.25455, 5.00331, 4.5216, 4.64623, 4.68695, 5.00331, 5.11575, 4.57553], [6.54609, 6.88251, 6.67978, 7.31408, 6.62817, 6.5762, 6.43479, 6.92009, 6.43691, 6.43479, 7.29942, 7.28132, 6.51229, 6.51229, 6.5762, 6.76712, 6.45391, 7.31408, 7.29942, 6.49665, 6.48014, 6.56147, 6.56147, 6.48014, 7.4636, 6.43691, 6.43479, 6.43479, 7.32616, 7.43398, 7.01529, 6.52205, 6.95434, 6.62817, 7.32616, 6.92817, 6.64409, 6.82563, 6.92817, 7.4636, 6.52205, 7.2374, 7.35244, 6.88251, 6.43691, 6.62817, 6.54819, 6.88251, 7.27776, 6.45391], [11.4456, 12.0301, 11.5952, 12.6965, 11.3383, 11.2402, 11.1853, 11.9071, 11.0782, 11.1853, 12.7509, 12.503, 10.9815, 10.9815, 11.2402, 11.5381, 11.1061, 12.6965, 12.7509, 11.0882, 11.1705, 11.15, 11.15, 11.1705, 12.5567, 11.0782, 11.1853, 11.1853, 12.6092, 12.4853, 12.0348, 11.1634, 11.8077, 11.3383, 12.6092, 11.7396, 11.3382, 11.7648, 11.7396, 12.5567, 11.1634, 12.3484, 12.6036, 12.0301, 11.0782, 11.3383, 11.2617, 12.0301, 12.3873, 11.1061]], "3": [[4.70629, 5.00331, 4.72792, 5.21709, 4.64623, 4.75041, 4.603, 4.96347, 4.5216, 4.603, 5.21172, 5.16613, 4.57517, 4.57517, 4.75041, 4.88907, 4.57553, 5.21709, 5.21172, 4.66687, 4.65968, 4.68558, 4.68558, 4.65968, 5.24792, 4.5216, 4.603, 4.603, 5.21793, 5.26826, 4.98475, 4.61058, 4.97115, 4.64623, 5.21793, 4.92071, 4.73725, 4.86974, 4.92071, 5.24792, 4.61058, 5.174, 5.25455, 5.00331, 4.5216, 4.64623, 4.68695, 5.00331, 5.11575, 4.57553], [6.54609, 6.88251, 6.67978, 7.31408, 6.62817, 6.5762, 6.43479, 6.92009, 6.43691, 6.43479, 7.29942, 7.28132, 6.51229, 6.51229, 6.5762, 6.76712, 6.45391, 7.31408, 7.29942, 6.49665, 6.48014, 6.56147, 6.56147, 6.48014, 7.4636, 6.43691, 6.43479, 6.43479, 7.32616, 7.43398, 7.01529, 6.52205, 6.95434, 6.62817, 7.32616, 6.92817, 6.64409, 6.82563, 6.92817, 7.4636, 6.52205, 7.2374, 7.35244, 6.88251, 6.43691, 6.62817, 6.54819, 6.88251, 7.27776, 6.45391], [9.53801, 10.0251, 9.66265, 10.5804, 9.44859, 9.3668, 9.32112, 9.9226, 9.23182, 9.32112, 10.6257, 10.4191, 9.15129, 9.15129, 9.3668, 9.61505, 9.25509, 10.5804, 10.6257, 9.24013, 9.30878, 9.29164, 9.29164, 9.30878, 10.4639, 9.23182, 9.32112, 9.32112, 10.5077, 10.4044, 10.029, 9.30283, 9.83972, 9.44859, 10.5077, 9.78302, 9.44851, 9.80404, 9.78302, 10.4639, 9.30283, 10.2903, 10.503, 10.0251, 9.23182, 9.44859, 9.38477, 10.0251, 10.3228, 9.25509]], "4": [[4.70629, 5.00331, 4.72792, 5.21709, 4.64623, 4.75041, 4.603, 4.96347, 4.5216, 4.603, 5.21172, 5.16613, 4.57517, 4.57517, 4.75041, 4.88907, 4.57553, 5.21709, 5.21172, 4.66687, 4.65968, 4.68558, 4.68558, 4.65968, 5.24792, 4.5216, 4.603, 4.603, 5.21793, 5.26826, 4.98475, 4.61058, 4.97115, 4.64623, 5.21793, 4.92071, 4.73725, 4.86974, 4.92071, 5.24792, 4.61058, 5.174, 5.25455, 5.00331, 4.5216, 4.64623, 4.68695, 5.00331, 5.11575, 4.57553], [6.54609, 6.88251, 6.67978, 7.31408, 6.62817, 6.5762, 6.43479, 6.92009, 6.43691, 6.43479, 7.29942, 7.28132, 6.51229, 6.51229, 6.5762, 6.76712, 6.45391, 7.31408, 7.29942, 6.49665, 6.48014, 6.56147, 6.56147, 6.48014, 7.4636, 6.43691, 6.43479, 6.43479, 7.32616, 7.43398, 7.01529, 6.52205, 6.95434, 6.62817, 7.32616, 6.92817, 6.64409, 6.82563, 6.92817, 7.4636, 6.52205, 7.2374, 7.35244, 6.88251, 6.43691, 6.62817, 6.54819, 6.88251, 7.27776, 6.45391], [8.58421, 9.02255, 8.69639, 9.52239, 8.50374, 8.43012, 8.38901, 8.93034, 8.30864, 8.38901, 9.56314, 9.37723, 8.23616, 8.23616, 8.43012, 8.65354, 8.32958, 9.52239, 9.56314, 8.31612, 8.3779, 8.36248, 8.36248, 8.3779, 9.41752, 8.30864, 8.38901, 8.38901, 9.45691, 9.36397, 9.02614, 8.37255, 8.85575, 8.50374, 9.45691, 8.80472, 8.50366, 8.82364, 8.80472, 9.41752, 8.37255, 9.2613, 9.45271, 9.02255, 8.30864, 8.50374, 8.44629, 9.02255, 9.2905, 8.32958]]}, "proc_power": {"0": [[13.346, 13.9425, 13.3919, 14.6551, 12.9922, 13.272, 12.8952, 14.0616, 12.6916, 12.8952, 14.6961, 14.5798, 12.9008, 12.9008, 13.272, 13.4888, 12.8115, 14.6551, 14.6961, 12.9008, 13.0627, 13.2001, 13.2001, 13.0627, 14.7645, 12.6916, 12.8952, 12.8952, 14.6936, 14.8038, 13.9931, 13.0639, 13.6999, 12.9922, 14.6936, 13.6499, 13.357, 13.4406, 13.6499, 14.7645, 13.0639, 14.4911, 14.8264, 13.9425, 12.6916, 12.9922, 13.2465, 13.9425, 14.5501, 12.8115]],