{
    "arcs": {
        "0": [
            0,
            1,
            0.19579
        ],
        "1": [
            1,
            2,
            0.201426
        ],
        "2": [
            0,
            3,
            0.190581
        ],
        "3": [
            2,
            4,
            0.204456
        ],
        "4": [
            3,
            5,
            0.192489
        ],
        "5": [
            3,
            6,
            0.191783
        ],
        "6": [
            1,
            7,
            0.192489
        ],
        "7": [
            7,
            8,
            0.193476
        ],
        "8": [
            7,
            9,
            0.197236
        ]
    },
    "proc_exec": {
        "0": [
            [
                11.7722,
                11.1244,
                12.3764,
                11.7722,
                11.4982,
                12.2823,
                12.2823,
                12.2823,
                11.1131,
                11.0881
            ]
        ],
        "1": [
            [
                6.75707,
                6.43447,
                7.25522,
                6.75707,
                6.65602,
                7.11375,
                7.11375,
                7.11375,
                6.48263,
                6.54472
            ],
            [
                11.8268,
                11.2302,
                12.4012,
                11.8268,
                11.4375,
                12.1421,
                12.1421,
                12.1421,
                11.0113,
                11.1574
            ]
        ],
        "2": [
            [
                4.8892,
                4.68173,
                5.16578,
                4.8892,
                4.69578,
                5.0992,
                5.0992,
                5.0992,
                4.63045,
                4.59996
            ],
            [
                6.8398,
                6.54581,
                7.23275,
                6.8398,
                6.71597,
                7.22992,
                7.22992,
                7.22992,
                6.42327,
                6.47616
            ],
            [
                11.8265,
                11.1593,
                12.3497,
                11.8265,
                11.3534,
                12.3751,
                12.3751,
                12.3751,
                11.1475,
                11.1612
            ]
        ]
    },
    "proc_power": {
        "0": [
            [
                13.7342,
                12.9785,
                14.4392,
                13.7342,
                13.4145,
                14.3294,
                14.3294,
                14.3294,
                12.9653,
                12.9361
            ]
        ],
        "1": [
            [
                69.5013,
                66.1831,
                74.6251,
                69.5013,
                68.4619,
                73.17,
                73.17,
                73.17,
                66.6785,
                67.3171
            ],
            [
                13.7979,
                13.1019,
                14.4681,
                13.7979,
                13.3437,
                14.1658,
                14.1658,
                14.1658,
                12.8465,
                13.017
            ]
        ],
        "2": [
            [
                200.457,
                191.951,
                211.797,
                200.457,
                192.527,
                209.067,
                209.067,
                209.067,
                189.848,
                188.598
            ],
            [
                70.3522,
                67.3284,
                74.394,
                70.3522,
                69.0786,
                74.3649,
                74.3649,
                74.3649,
                66.0679,
                66.6119
            ],
            [
                13.7976,
                13.0192,
                14.4079,
                13.7976,
                13.2456,
                14.4377,
                14.4377,
                14.4377,
                13.0054,
                13.0214
            ]
        ]
    }
}