{"arcs": {"0": [0, 1, 71.0], "1": [0, 2, 57.0], "2": [0, 3, 15.0], "3": [0, 4, 34.0], "4": [0, 5, 71.0], "5": [0, 6, 68.0], "6": [0, 7, 18.0], "7": [1, 10, 16.0], "8": [1, 19, 40.0], "9": [2, 8, 12.0], "10": [2, 9, 81.0], "11": [2, 18, 49.0], "12": [3, 8, 54.0], "13": [3, 11, 23.0], "14": [4, 11, 99.0], "15": [4, 17, 9.0], "16": [4, 20, 13.0], "17": [4, 23, 62.0], "18": [5, 10, 62.0], "19": [5, 12, 56.0], "20": [6, 10, 47.0], "21": [6, 23, 37.0], "22": [7, 11, 98.0], "23": [7, 19, 73.0], "24": [8, 14, 95.0], "25": [8, 17, 59.0], "26": [8, 23, 76.0], "27": [8, 24, 89.0], "28": [9, 13, 58.0], "29": [9, 14, 75.0], "30": [9, 16, 1.0], "31": [10, 15, 91.0], "32": [10, 18, 82.0], "33": [10, 19, 51.0], "34": [11, 14, 80.0], "35": [11, 15, 95.0], "36": [12, 13, 69.0], "37": [12, 22, 54.0], "38": [13, 17, 92.0], "39": [13, 18, 72.0], "40": [13, 21, 23.0], "41": [14, 17, 12.0], "42": [14, 18, 52.0], "43": [14, 19, 96.0], "44": [15, 16, 11.0], "45": [15, 19, 58.0], "46": [16, 21, 54.0], "47": [16, 22, 73.0], "48": [16, 24, 66.0], "49": [17, 23, 41.0], "50": [17, 24, 37.0], "51": [18, 20, 98.0], "52": [18, 21, 1.0], "53": [18, 23, 80.0], "54": [19, 21, 43.0], "55": [19, 24, 9.0], "56": [20, 24, 54.0], "57": [21, 24, 80.0], "58": [22, 24, 24.0], "59": [23, 24, 86.0]}, "proc_exec": {"0": [[9.22620844622224, 5.636012300399193, 11.954263354163833, 12.428173035656883, 22.24239921522285, 12.724098444376466, 5.910261830774957, 15.79349748561255, 21.546169437910056, 10.288962176495, 20.96630620288901, 16.689124227547662, 12.117300380680517, 13.939293026900824, 20.091510485623147, 14.031582859061675, 7.329926294866757, 3.844559559169736, 22.451122199624496, 5.540632665812226, 11.131017676900397, 14.069202161048482, 5.130381678685522, 7.683103220729678, 7.038806964864707]], "1": [[8.404447287981121, 9.601625393356114, 12.06288041610754, 9.566375875392675, 9.469169542393628, 9.294500428476134, 10.523978279868656, 15.534156895104038, 20.935875101352643, 14.017169989347098, 17.946008589992566, 18.852838060191267, 8.425323492756926, 14.131106159425832, 17.771985347125465, 7.429460203878008, 8.808652008790844, 6.956069097773881, 21.43970488406986, 6.651225331562344, 8.977231871602221, 10.605770574019363, 3.927018685890983, 16.56900898248105, 6.017268518168817]], "2": [[13.587790172149965, 5.249243573391661, 10.489074960766363, 11.522189464763189, 13.019033002462026, 8.94939579579793, 10.073901451440694, 11.447284911170692, 16.880102968743575, 15.236135193938615, 10.29718029023863, 16.470993867178127, 15.670814669180816, 13.29911099537001, 22.63897777136928, 8.856920127644205, 13.638469062773213, 7.516612074576418, 13.35667770853444, 9.000442309341096, 4.563838398022046, 10.364065082085231, 4.560779244521221, 16.700929208649946, 4.670158302301076]]}, "proc_power": {"0": [[85, 85, 85, 85, 85, 85, 85, 85, 85, 85, 85, 85, 85, 85, 85, 85, 85, 85, 85, 85, 85, 85, 85, 85, 85]], "1": [[105, 105, 105, 105, 105, 105, 105, 105, 105, 105, 105, 105, 105, 105, 105, 105, 105, 105, 105, 105, 105, 105, 105, 105, 105]], "2": [[115, 115, 115, 115, 115, 115, 115, 115, 115, 115, 115, 115, 115, 115, 115, 115, 115, 115, 115, 115, 115, 115, 115, 115, 115]]}}